{
    "bs": [
        1,
        2,
        4,
        8,
        16,
        24,
        32,
        48,
        64,
        96,
        128,
        256,
        512,
        1024,
        1536,
        2048,
        3072,
        4096
    ],
    "n_experts": [
        1,
        1,
        1,
        1,
        1,
        1,
        1,
        1,
        1,
        1,
        1,
        1,
        1,
        1,
        1,
        1,
        1,
        1
    ],
    "tp_size": [
        4,
        4,
        4,
        4,
        4,
        4,
        4,
        4,
        4,
        4,
        4,
        4,
        4,
        4,
        4,
        4,
        4,
        4
    ],
    "kernel_dur_ms": [
        460.32894134521484,
        461.41441345214844,
        467.3023986816406,
        469.3708801269531,
        466.95423126220703,
        471.9308853149414,
        467.7734375,
        472.87296295166016,
        470.0774383544922,
        466.88255310058594,
        467.3535919189453,
        473.5078430175781,
        664.6988677978516,
        1176.9139099121094,
        1754.8902893066406,
        2275.7273864746094,
        3360.26611328125,
        4457.257080078125
    ],
    "model_dur_ms": [
        14730.526123046875,
        14765.26123046875,
        14953.6767578125,
        15019.8681640625,
        14942.535400390625,
        15101.788330078125,
        14968.75,
        15131.934814453125,
        15042.47802734375,
        14940.24169921875,
        14955.31494140625,
        15152.2509765625,
        21270.36376953125,
        37661.2451171875,
        56156.4892578125,
        72823.2763671875,
        107528.515625,
        142632.2265625
    ]
}
