{
    "bs": [
        1,
        2,
        4,
        8,
        16,
        24,
        32,
        48,
        64,
        96,
        128,
        256,
        512,
        1024,
        1536,
        2048,
        3072,
        4096
    ],
    "n_experts": [
        1,
        1,
        1,
        1,
        1,
        1,
        1,
        1,
        1,
        1,
        1,
        1,
        1,
        1,
        1,
        1,
        1,
        1
    ],
    "tp_size": [
        8,
        8,
        8,
        8,
        8,
        8,
        8,
        8,
        8,
        8,
        8,
        8,
        8,
        8,
        8,
        8,
        8,
        8
    ],
    "kernel_dur_ms": [
        459.6326446533203,
        464.0972900390625,
        466.44222259521484,
        469.52449798583984,
        467.3945617675781,
        469.43233489990234,
        470.41534423828125,
        469.34017181396484,
        473.24161529541016,
        471.5212631225586,
        469.28897857666016,
        469.5654296875,
        474.0300750732422,
        825.1392364501953,
        1209.6409606933594,
        1565.9417724609375,
        2292.5106811523438,
        3017.574462890625
    ],
    "model_dur_ms": [
        14708.24462890625,
        14851.11328125,
        14926.151123046875,
        15024.783935546875,
        14956.6259765625,
        15021.834716796875,
        15053.291015625,
        15018.885498046875,
        15143.731689453125,
        15088.680419921875,
        15017.247314453125,
        15026.09375,
        15168.96240234375,
        26404.45556640625,
        38708.5107421875,
        50110.13671875,
        73360.341796875,
        96562.3828125
    ]
}
