{
    "bs": [
        1,
        2,
        4,
        8,
        16,
        24,
        32,
        48,
        64,
        96,
        128,
        256,
        512,
        1024,
        1536,
        2048,
        3072,
        4096
    ],
    "n_experts": [
        1,
        1,
        1,
        1,
        1,
        1,
        1,
        1,
        1,
        1,
        1,
        1,
        1,
        1,
        1,
        1,
        1,
        1
    ],
    "tp_size": [
        1,
        1,
        1,
        1,
        1,
        1,
        1,
        1,
        1,
        1,
        1,
        1,
        1,
        1,
        1,
        1,
        1,
        1
    ],
    "kernel_dur_ms": [
        467.6710510253906,
        460.7283020019531,
        462.56126403808594,
        463.5340881347656,
        464.8448181152344,
        469.02271270751953,
        466.0121536254883,
        465.8790588378906,
        466.78016662597656,
        477.19425201416016,
        572.4671936035156,
        1039.2063903808594,
        1803.4381103515625,
        3357.6446533203125,
        5052.518310546875,
        6650.8697509765625,
        9948.385009765625,
        13135.400390625
    ],
    "model_dur_ms": [
        14965.4736328125,
        14743.3056640625,
        14801.96044921875,
        14833.0908203125,
        14875.0341796875,
        15008.726806640625,
        14912.388916015625,
        14908.1298828125,
        14936.96533203125,
        15270.216064453125,
        18318.9501953125,
        33254.6044921875,
        57710.01953125,
        107444.62890625,
        161680.5859375,
        212827.83203125,
        318348.3203125,
        420332.8125
    ]
}
