{
    "bs": [
        1,
        2,
        4,
        8,
        16,
        24,
        32,
        48,
        64,
        96,
        128,
        256,
        512,
        1024,
        1536,
        2048,
        3072,
        4096
    ],
    "n_experts": [
        2,
        2,
        2,
        2,
        2,
        2,
        2,
        2,
        2,
        2,
        2,
        2,
        2,
        2,
        2,
        2,
        2,
        2
    ],
    "tp_size": [
        8,
        8,
        8,
        8,
        8,
        8,
        8,
        8,
        8,
        8,
        8,
        8,
        8,
        8,
        8,
        8,
        8,
        8
    ],
    "kernel_dur_ms": [
        458.94657135009766,
        463.0323028564453,
        467.6607894897461,
        467.6812744140625,
        468.34686279296875,
        468.68480682373047,
        468.87935638427734,
        470.08766174316406,
        469.4937515258789,
        470.82496643066406,
        471.6543960571289,
        472.2995376586914,
        470.64064025878906,
        668.1497955322266,
        968.7449645996094,
        1244.6310424804688,
        1815.8592224121094,
        2364.7744750976562
    ],
    "model_dur_ms": [
        14686.290283203125,
        14817.03369140625,
        14965.145263671875,
        14965.80078125,
        14987.099609375,
        14997.913818359375,
        15004.139404296875,
        15042.80517578125,
        15023.800048828125,
        15066.39892578125,
        15092.940673828125,
        15113.585205078125,
        15060.50048828125,
        21380.79345703125,
        30999.8388671875,
        39828.193359375,
        58107.4951171875,
        75672.783203125
    ]
}
