{
    "bs": [
        1,
        2,
        4,
        8,
        16,
        24,
        32,
        48,
        64,
        96,
        128,
        256,
        512,
        1024,
        1536,
        2048,
        3072,
        4096
    ],
    "n_experts": [
        2,
        2,
        2,
        2,
        2,
        2,
        2,
        2,
        2,
        2,
        2,
        2,
        2,
        2,
        2,
        2,
        2,
        2
    ],
    "tp_size": [
        2,
        2,
        2,
        2,
        2,
        2,
        2,
        2,
        2,
        2,
        2,
        2,
        2,
        2,
        2,
        2,
        2,
        2
    ],
    "kernel_dur_ms": [
        455.15777587890625,
        458.15807342529297,
        462.3564910888672,
        464.41471099853516,
        465.34656524658203,
        465.6537628173828,
        468.4492874145508,
        467.589111328125,
        467.589111328125,
        467.6607894897461,
        468.3980941772461,
        583.3318328857422,
        959.3856048583984,
        1729.6281433105469,
        2598.5946655273438,
        3432.703857421875,
        5122.5701904296875,
        6764.43115234375
    ],
    "model_dur_ms": [
        14565.048828125,
        14661.058349609375,
        14795.40771484375,
        14861.270751953125,
        14891.090087890625,
        14900.92041015625,
        14990.377197265625,
        14962.8515625,
        14962.8515625,
        14965.145263671875,
        14988.739013671875,
        18666.61865234375,
        30700.33935546875,
        55348.1005859375,
        83155.029296875,
        109846.5234375,
        163922.24609375,
        216461.796875
    ]
}
