{
    "bs": [
        1,
        2,
        4,
        8,
        16,
        24,
        32,
        48,
        64,
        96,
        128,
        256,
        512,
        1024,
        1536,
        2048,
        3072,
        4096
    ],
    "n_experts": [
        2,
        2,
        2,
        2,
        2,
        2,
        2,
        2,
        2,
        2,
        2,
        2,
        2,
        2,
        2,
        2,
        2,
        2
    ],
    "tp_size": [
        4,
        4,
        4,
        4,
        4,
        4,
        4,
        4,
        4,
        4,
        4,
        4,
        4,
        4,
        4,
        4,
        4,
        4
    ],
    "kernel_dur_ms": [
        461.3529586791992,
        460.76927185058594,
        470.75328826904297,
        470.25150299072266,
        468.99200439453125,
        467.78369903564453,
        466.0224151611328,
        471.48033142089844,
        472.62718200683594,
        468.3059310913086,
        463.90270233154297,
        469.8726272583008,
        580.8844757080078,
        1023.3958435058595,
        1515.6736755371094,
        1954.8159790039062,
        2883.583984375,
        3813.468017578125
    ],
    "model_dur_ms": [
        14763.294677734375,
        14744.61669921875,
        15064.105224609375,
        15048.048095703125,
        15007.744140625,
        14969.078369140625,
        14912.71728515625,
        15087.37060546875,
        15124.06982421875,
        14985.789794921875,
        14844.886474609375,
        15035.924072265625,
        18588.30322265625,
        32748.666992187504,
        48501.5576171875,
        62554.111328125,
        92274.6875,
        122030.9765625
    ]
}
