{
    "bs": [
        1,
        2,
        4,
        8,
        16,
        24,
        32,
        48,
        64,
        96,
        128,
        256,
        512,
        1024,
        1536,
        2048,
        3072,
        4096
    ],
    "n_experts": [
        4,
        4,
        4,
        4,
        4,
        4,
        4,
        4,
        4,
        4,
        4,
        4,
        4,
        4,
        4,
        4,
        4,
        4
    ],
    "tp_size": [
        8,
        8,
        8,
        8,
        8,
        8,
        8,
        8,
        8,
        8,
        8,
        8,
        8,
        8,
        8,
        8,
        8,
        8
    ],
    "kernel_dur_ms": [
        457.1443176269531,
        466.35009765625,
        474.29630279541016,
        467.10784912109375,
        468.3980941772461,
        466.87232971191406,
        468.6131286621094,
        469.8828887939453,
        470.1696014404297,
        469.749755859375,
        475.494384765625,
        470.10814666748047,
        471.3267135620117,
        607.8668975830078,
        850.1760101318359,
        1108.695068359375,
        1591.2345886230469,
        2108.72314453125
    ],
    "model_dur_ms": [
        14628.6181640625,
        14923.203125,
        15177.481689453125,
        14947.451171875,
        14988.739013671875,
        14939.91455078125,
        14995.6201171875,
        15036.25244140625,
        15045.42724609375,
        15031.9921875,
        15215.8203125,
        15043.460693359375,
        15082.454833984375,
        19451.74072265625,
        27205.63232421875,
        35478.2421875,
        50919.5068359375,
        67479.140625
    ]
}
