{
    "bs": [
        1,
        2,
        4,
        8,
        16,
        24,
        32,
        48,
        64,
        96,
        128,
        256,
        512,
        1024,
        1536,
        2048,
        3072,
        4096
    ],
    "n_experts": [
        4,
        4,
        4,
        4,
        4,
        4,
        4,
        4,
        4,
        4,
        4,
        4,
        4,
        4,
        4,
        4,
        4,
        4
    ],
    "tp_size": [
        4,
        4,
        4,
        4,
        4,
        4,
        4,
        4,
        4,
        4,
        4,
        4,
        4,
        4,
        4,
        4,
        4,
        4
    ],
    "kernel_dur_ms": [
        469.8009490966797,
        463.04256439208984,
        464.27135467529297,
        466.4524841308594,
        464.78336334228516,
        463.9846420288086,
        462.0390319824219,
        470.08766174316406,
        466.70848846435547,
        467.7017593383789,
        463.9744186401367,
        466.6368103027344,
        569.6102523803711,
        1026.478042602539,
        1452.5337219238281,
        1900.97412109375,
        2741.5243530273438,
        3632.281494140625
    ],
    "model_dur_ms": [
        15033.63037109375,
        14817.362060546875,
        14856.683349609375,
        14926.4794921875,
        14873.067626953125,
        14847.508544921875,
        14785.2490234375,
        15042.80517578125,
        14934.671630859375,
        14966.456298828125,
        14847.181396484375,
        14932.3779296875,
        18227.528076171875,
        32847.29736328125,
        46481.0791015625,
        60831.171875,
        87728.779296875,
        116233.0078125
    ]
}
