{
    "bs": [
        1,
        2,
        4,
        8,
        16,
        24,
        32,
        48,
        64,
        96,
        128,
        256,
        512,
        1024,
        1536,
        2048,
        3072,
        4096
    ],
    "n_experts": [
        6,
        6,
        6,
        6,
        6,
        6,
        6,
        6,
        6,
        6,
        6,
        6,
        6,
        6,
        6,
        6,
        6,
        6
    ],
    "tp_size": [
        8,
        8,
        8,
        8,
        8,
        8,
        8,
        8,
        8,
        8,
        8,
        8,
        8,
        8,
        8,
        8,
        8,
        8
    ],
    "kernel_dur_ms": [
        462.4281692504883,
        468.11134338378906,
        470.5177688598633,
        469.0943908691406,
        473.29280853271484,
        469.26849365234375,
        473.80481719970703,
        471.6543960571289,
        474.4704055786133,
        472.8627014160156,
        471.7567825317383,
        473.15967559814453,
        474.2758560180664,
        606.2387084960938,
        837.8982543945312,
        1138.7699127197266,
        1577.2569274902344,
        2100.2854919433594
    ],
    "model_dur_ms": [
        14797.701416015625,
        14979.56298828125,
        15056.568603515625,
        15011.0205078125,
        15145.369873046875,
        15016.591796875,
        15161.754150390625,
        15092.940673828125,
        15183.052978515625,
        15131.6064453125,
        15096.217041015625,
        15141.109619140625,
        15176.827392578125,
        19399.638671875,
        26812.744140625,
        36440.63720703125,
        50472.2216796875,
        67209.1357421875
    ]
}
