{
    "bs": [
        1,
        2,
        4,
        8,
        16,
        24,
        32,
        48,
        64,
        96,
        128,
        256,
        512,
        1024,
        1536,
        2048,
        3072,
        4096
    ],
    "n_experts": [
        6,
        6,
        6,
        6,
        6,
        6,
        6,
        6,
        6,
        6,
        6,
        6,
        6,
        6,
        6,
        6,
        6,
        6
    ],
    "tp_size": [
        4,
        4,
        4,
        4,
        4,
        4,
        4,
        4,
        4,
        4,
        4,
        4,
        4,
        4,
        4,
        4,
        4,
        4
    ],
    "kernel_dur_ms": [
        458.1068801879883,
        464.2611312866211,
        464.1996765136719,
        466.5651321411133,
        470.62015533447266,
        468.14208984375,
        467.29217529296875,
        471.13216400146484,
        475.2076721191406,
        471.2345504760742,
        466.3808059692383,
        519.7721481323242,
        636.7948913574219,
        1044.9305725097656,
        1464.40185546875,
        1990.6253051757812,
        2778.603515625,
        3652.7615356445312
    ],
    "model_dur_ms": [
        14659.420166015625,
        14856.356201171875,
        14854.3896484375,
        14930.084228515625,
        15059.844970703125,
        14980.546875,
        14953.349609375,
        15076.229248046875,
        15206.6455078125,
        15079.505615234375,
        14924.185791015625,
        16632.708740234375,
        20377.4365234375,
        33437.7783203125,
        46860.859375,
        63700.009765625,
        88915.3125,
        116888.369140625
    ]
}
