{
    "bs": [
        1,
        2,
        4,
        8,
        16,
        24,
        32,
        48,
        64,
        96,
        128,
        256,
        512,
        1024,
        1536,
        2048,
        3072,
        4096
    ],
    "n_experts": [
        8,
        8,
        8,
        8,
        8,
        8,
        8,
        8,
        8,
        8,
        8,
        8,
        8,
        8,
        8,
        8,
        8,
        8
    ],
    "tp_size": [
        4,
        4,
        4,
        4,
        4,
        4,
        4,
        4,
        4,
        4,
        4,
        4,
        4,
        4,
        4,
        4,
        4,
        4
    ],
    "kernel_dur_ms": [
        457.3798370361328,
        464.71168518066406,
        463.8822555541992,
        480.6963348388672,
        521.8304061889648,
        530.9439849853516,
        534.6201705932617,
        542.3206329345703,
        549.0687942504883,
        560.0051116943359,
        578.969612121582,
        636.9996643066406,
        739.7273254394531,
        1094.0518188476562,
        1511.4239501953125,
        1928.8064575195312,
        2772.0089721679688,
        3610.4193115234375
    ],
    "model_dur_ms": [
        14636.15478515625,
        14870.77392578125,
        14844.232177734375,
        15382.28271484375,
        16698.572998046875,
        16990.20751953125,
        17107.845458984375,
        17354.26025390625,
        17570.201416015625,
        17920.16357421875,
        18527.027587890625,
        20383.9892578125,
        23671.2744140625,
        35009.658203125,
        48365.56640625,
        61721.806640625,
        88704.287109375,
        115533.41796875
    ]
}
