{
    "bs": [
        1,
        2,
        4,
        8,
        16,
        24,
        32,
        48,
        64,
        96,
        128,
        256,
        512,
        1024,
        1536,
        2048,
        3072,
        4096
    ],
    "n_experts": [
        8,
        8,
        8,
        8,
        8,
        8,
        8,
        8,
        8,
        8,
        8,
        8,
        8,
        8,
        8,
        8,
        8,
        8
    ],
    "tp_size": [
        2,
        2,
        2,
        2,
        2,
        2,
        2,
        2,
        2,
        2,
        2,
        2,
        2,
        2,
        2,
        2,
        2,
        2
    ],
    "kernel_dur_ms": [
        443.3715057373047,
        473.56929779052734,
        692.2137451171875,
        913.6128234863281,
        995.25634765625,
        1009.4182586669922,
        1013.6780548095703,
        1023.8668823242188,
        1032.3661041259766,
        1053.2659149169922,
        1073.623046875,
        1172.8691101074219,
        1349.7856140136719,
        2022.1746826171873,
        2847.723388671875,
        3644.927978515625,
        5112.412109375,
        6736.6192626953125
    ],
    "model_dur_ms": [
        14187.88818359375,
        15154.217529296875,
        22150.83984375,
        29235.6103515625,
        31848.203125,
        32301.38427734375,
        32437.69775390625,
        32763.740234375,
        33035.71533203125,
        33704.50927734375,
        34355.9375,
        37531.8115234375,
        43193.1396484375,
        64709.58984374999,
        91127.1484375,
        116637.6953125,
        163597.1875,
        215571.81640625
    ]
}
