{
    "bs": [
        1,
        2,
        4,
        8,
        16,
        24,
        32,
        48,
        64,
        96,
        128,
        256,
        512,
        1024,
        1536,
        2048,
        3072,
        4096
    ],
    "n_experts": [
        1,
        1,
        1,
        1,
        1,
        1,
        1,
        1,
        1,
        1,
        1,
        1,
        1,
        1,
        1,
        1,
        1,
        1
    ],
    "tp_size": [
        2,
        2,
        2,
        2,
        2,
        2,
        2,
        2,
        2,
        2,
        2,
        2,
        2,
        2,
        2,
        2,
        2,
        2
    ],
    "kernel_dur_ms": [
        459.49951171875,
        461.4656066894531,
        464.79358673095703,
        468.4902572631836,
        468.13182830810547,
        468.41854095458984,
        467.5788879394531,
        472.73983001708984,
        470.1388931274414,
        469.2582321166992,
        469.76001739501953,
        610.8467102050781,
        1043.4764862060547,
        1882.7366638183594,
        2836.8692016601562,
        3727.8720092773438,
        5516.553955078125,
        7274.383544921875
    ],
    "model_dur_ms": [
        14703.984375,
        14766.8994140625,
        14873.394775390625,
        14991.688232421875,
        14980.218505859375,
        14989.393310546875,
        14962.5244140625,
        15127.674560546875,
        15044.444580078125,
        15016.263427734375,
        15032.320556640625,
        19547.0947265625,
        33391.24755859375,
        60247.5732421875,
        90779.814453125,
        119291.904296875,
        176529.7265625,
        232780.2734375
    ]
}
