{
    "bs": [
        1,
        2,
        4,
        8,
        16,
        24,
        32,
        48,
        64,
        96,
        128,
        256,
        512,
        1024,
        1536,
        2048,
        3072,
        4096
    ],
    "n_experts": [
        2,
        2,
        2,
        2,
        2,
        2,
        2,
        2,
        2,
        2,
        2,
        2,
        2,
        2,
        2,
        2,
        2,
        2
    ],
    "tp_size": [
        1,
        1,
        1,
        1,
        1,
        1,
        1,
        1,
        1,
        1,
        1,
        1,
        1,
        1,
        1,
        1,
        1,
        1
    ],
    "kernel_dur_ms": [
        534.4358444213867,
        536.4326477050781,
        539.3817520141602,
        542.0953750610352,
        548.1676864624023,
        556.2470245361328,
        562.7084732055664,
        582.3487854003906,
        594.7903823852539,
        656.8959808349609,
        688.3225250244141,
        1014.8556518554688,
        1738.2400512695312,
        3281.5512084960938,
        4875.6634521484375,
        6420.1422119140625,
        9678.796997070312,
        12669.47021484375
    ],
    "model_dur_ms": [
        17101.947021484375,
        17165.8447265625,
        17260.216064453125,
        17347.052001953125,
        17541.365966796875,
        17799.90478515625,
        18006.671142578125,
        18635.1611328125,
        19033.292236328125,
        21020.67138671875,
        22026.32080078125,
        32475.380859375,
        55623.681640625,
        105009.638671875,
        156021.23046875,
        205444.55078125,
        309721.50390625,
        405423.046875
    ]
}
