{
    "bs": [
        1,
        2,
        4,
        8,
        16,
        24,
        32,
        48,
        64,
        96,
        128,
        256,
        512,
        1024,
        1536,
        2048,
        3072,
        4096
    ],
    "n_experts": [
        4,
        4,
        4,
        4,
        4,
        4,
        4,
        4,
        4,
        4,
        4,
        4,
        4,
        4,
        4,
        4,
        4,
        4
    ],
    "tp_size": [
        2,
        2,
        2,
        2,
        2,
        2,
        2,
        2,
        2,
        2,
        2,
        2,
        2,
        2,
        2,
        2,
        2,
        2
    ],
    "kernel_dur_ms": [
        453.3350372314453,
        459.7248077392578,
        503.36769104003906,
        528.1382369995117,
        534.6201705932617,
        540.5388641357422,
        551.3932800292969,
        559.3804931640625,
        569.7843170166016,
        593.9302444458008,
        616.4992141723633,
        726.087646484375,
        1033.8713836669922,
        1883.0642700195312,
        2642.9541015625,
        3539.2922973632812,
        5079.306335449219,
        6640.916748046875
    ],
    "model_dur_ms": [
        14506.72119140625,
        14711.19384765625,
        16107.76611328125,
        16900.423583984375,
        17107.845458984375,
        17297.24365234375,
        17644.5849609375,
        17900.17578125,
        18233.09814453125,
        19005.767822265625,
        19727.974853515625,
        23234.8046875,
        33083.88427734375,
        60258.056640625,
        84574.53125,
        113257.353515625,
        162537.802734375,
        212509.3359375
    ]
}
