{
    "bs": [
        1,
        2,
        4,
        8,
        16,
        24,
        32,
        48,
        64,
        96,
        128,
        256,
        512,
        1024,
        1536,
        2048,
        3072,
        4096
    ],
    "n_experts": [
        4,
        4,
        4,
        4,
        4,
        4,
        4,
        4,
        4,
        4,
        4,
        4,
        4,
        4,
        4,
        4,
        4,
        4
    ],
    "tp_size": [
        1,
        1,
        1,
        1,
        1,
        1,
        1,
        1,
        1,
        1,
        1,
        1,
        1,
        1,
        1,
        1,
        1,
        1
    ],
    "kernel_dur_ms": [
        534.8659133911133,
        773.6627197265625,
        963.0515289306641,
        1007.8208160400391,
        1018.1017303466797,
        1028.5363006591797,
        1041.6435241699219,
        1055.8566284179688,
        1082.6547241210938,
        1114.3679809570312,
        1153.0547332763672,
        1349.72412109375,
        1958.9529418945312,
        3555.9219360351562,
        4984.023132324219,
        6770.3912353515625,
        9663.180541992188,
        12609.310302734375
    ],
    "model_dur_ms": [
        17115.709228515625,
        24757.20703125,
        30817.64892578125,
        32250.26611328125,
        32579.25537109375,
        32913.16162109375,
        33332.5927734375,
        33787.412109375,
        34644.951171875,
        35659.775390625,
        36897.75146484375,
        43191.171875,
        62686.494140625,
        113789.501953125,
        159488.740234375,
        216652.51953125,
        309221.77734375,
        403497.9296875
    ]
}
