{
    "bs": [
        1,
        2,
        4,
        8,
        16,
        24,
        32,
        48,
        64,
        96,
        128,
        256,
        512,
        1024,
        1536,
        2048,
        3072,
        4096
    ],
    "n_experts": [
        6,
        6,
        6,
        6,
        6,
        6,
        6,
        6,
        6,
        6,
        6,
        6,
        6,
        6,
        6,
        6,
        6,
        6
    ],
    "tp_size": [
        2,
        2,
        2,
        2,
        2,
        2,
        2,
        2,
        2,
        2,
        2,
        2,
        2,
        2,
        2,
        2,
        2,
        2
    ],
    "kernel_dur_ms": [
        452.37247467041016,
        460.85121154785156,
        637.9622268676758,
        744.3865966796875,
        775.1372528076172,
        778.9977264404297,
        785.8892822265625,
        791.7772674560547,
        803.2051086425781,
        824.7500610351562,
        840.2329254150391,
        937.6051330566406,
        1155.0822448730469,
        1924.454345703125,
        2698.8442993164062,
        3694.622802734375,
        5085.5218505859375,
        6641.0498046875
    ],
    "model_dur_ms": [
        14475.919189453125,
        14747.23876953125,
        20414.791259765625,
        23820.37109375,
        24804.39208984375,
        24927.92724609375,
        25148.45703125,
        25336.87255859375,
        25702.5634765625,
        26392.001953125,
        26887.45361328125,
        30003.3642578125,
        36962.6318359375,
        61582.5390625,
        86363.017578125,
        118227.9296875,
        162736.69921875,
        212513.59375
    ]
}
