{
    "bs": [
        1,
        2,
        4,
        8,
        16,
        24,
        32,
        48,
        64,
        96,
        128,
        256,
        512,
        1024,
        1536,
        2048,
        3072,
        4096
    ],
    "n_experts": [
        6,
        6,
        6,
        6,
        6,
        6,
        6,
        6,
        6,
        6,
        6,
        6,
        6,
        6,
        6,
        6,
        6,
        6
    ],
    "tp_size": [
        1,
        1,
        1,
        1,
        1,
        1,
        1,
        1,
        1,
        1,
        1,
        1,
        1,
        1,
        1,
        1,
        1,
        1
    ],
    "kernel_dur_ms": [
        539.8630523681641,
        844.6361541748047,
        1209.8969268798828,
        1435.31005859375,
        1489.3157958984375,
        1500.579833984375,
        1508.5670471191406,
        1517.9161071777344,
        1542.9222106933594,
        1561.8252563476562,
        1589.6473693847656,
        1734.2463684082031,
        2166.8658447265625,
        3565.9674072265625,
        5172.6129150390625,
        7090.718994140625,
        9755.125732421875,
        12736.246337890625
    ],
    "model_dur_ms": [
        17275.61767578125,
        27028.35693359375,
        38716.70166015625,
        45929.921875,
        47658.10546875,
        48018.5546875,
        48274.1455078125,
        48573.3154296875,
        49373.5107421875,
        49978.408203125,
        50868.7158203125,
        55495.8837890625,
        69339.70703125,
        114110.95703125,
        165523.61328125,
        226903.0078125,
        312164.0234375,
        407559.8828125
    ]
}
