{
    "bs": [
        1,
        2,
        4,
        8,
        16,
        24,
        32,
        48,
        64,
        96,
        128,
        256,
        512,
        1024,
        1536,
        2048,
        3072,
        4096
    ],
    "n_experts": [
        8,
        8,
        8,
        8,
        8,
        8,
        8,
        8,
        8,
        8,
        8,
        8,
        8,
        8,
        8,
        8,
        8,
        8
    ],
    "tp_size": [
        8,
        8,
        8,
        8,
        8,
        8,
        8,
        8,
        8,
        8,
        8,
        8,
        8,
        8,
        8,
        8,
        8,
        8
    ],
    "kernel_dur_ms": [
        462.80704498291016,
        466.59584045410156,
        468.47999572753906,
        466.3603210449219,
        467.04639434814453,
        466.89281463623047,
        464.6604919433594,
        465.62305450439453,
        465.9916687011719,
        467.5584030151367,
        466.22718811035156,
        470.1593780517578,
        470.56896209716797,
        614.3078231811523,
        831.8771362304688,
        1072.2099304199219,
        1532.9484558105469,
        1994.1786193847656
    ],
    "model_dur_ms": [
        14809.825439453125,
        14931.06689453125,
        14991.35986328125,
        14923.5302734375,
        14945.484619140625,
        14940.570068359375,
        14869.1357421875,
        14899.937744140625,
        14911.7333984375,
        14961.868896484375,
        14919.27001953125,
        15045.10009765625,
        15058.206787109375,
        19657.850341796875,
        26620.068359375,
        34310.7177734375,
        49054.3505859375,
        63813.7158203125
    ]
}
