{
    "bs": [
        1,
        2,
        4,
        8,
        16,
        24,
        32,
        48,
        64,
        96,
        128,
        256,
        512,
        1024,
        1536,
        2048,
        3072,
        4096
    ],
    "n_experts": [
        8,
        8,
        8,
        8,
        8,
        8,
        8,
        8,
        8,
        8,
        8,
        8,
        8,
        8,
        8,
        8,
        8,
        8
    ],
    "tp_size": [
        1,
        1,
        1,
        1,
        1,
        1,
        1,
        1,
        1,
        1,
        1,
        1,
        1,
        1,
        1,
        1,
        1,
        1
    ],
    "kernel_dur_ms": [
        535.7875061035156,
        881.6742706298828,
        1336.44287109375,
        1762.5497436523438,
        1943.34716796875,
        1966.8070983886719,
        1975.6953430175781,
        1988.1779479980469,
        2002.6368713378906,
        2040.3404235839844,
        2067.9168701171875,
        2249.8098754882812,
        2611.3330078125,
        3879.2398071289062,
        5485.2093505859375,
        7045.6732177734375,
        9889.679565429688,
        13073.284912109375
    ],
    "model_dur_ms": [
        17145.2001953125,
        28213.57666015625,
        42766.171875,
        56401.591796875,
        62187.109375,
        62937.8271484375,
        63222.2509765625,
        63621.6943359375,
        64084.3798828125,
        65290.8935546875,
        66173.33984375,
        71993.916015625,
        83562.65625,
        124135.673828125,
        175526.69921875,
        225461.54296875,
        316469.74609375,
        418345.1171875
    ]
}
